strategy,peak_infected,time_to_peak,final_R_fraction,lambda,mu
disease_gene,0.6108927568781584,7,0.9533969679955081,0.05,0.1
hub,0.6108927568781584,7,0.9533969679955081,0.05,0.1
random,0.5358225715889949,10,0.9432902863559798,0.05,0.1
