strategy,peak_infected,time_to_peak,final_R_fraction,lambda,mu
disease_gene,0.6140142517814727,6,0.9400237529691211,0.05,0.1
hub,0.6140142517814727,6,0.9400237529691211,0.05,0.1
random,0.4425310108207971,10,0.9477434679334917,0.05,0.1
