strategy,peak_infected,time_to_peak,final_R_fraction,lambda,mu
disease_gene,0.41550925925925924,4,0.8373842592592593,0.05,0.3
hub,0.44039351851851855,3,0.84375,0.05,0.3
random,0.4219907407407407,4,0.8356481481481481,0.05,0.3
