strategy,peak_infected,time_to_peak,final_R_fraction,lambda,mu
disease_gene,0.6371527777777778,6,0.9467592592592593,0.05,0.1
hub,0.6371527777777778,6,0.9467592592592593,0.05,0.1
random,0.4458590534979424,11,0.9375,0.05,0.1
